Date,Load,Solar,Wind
2015/01/01 00:00,51094,0,0.223109526024707
2015/01/01 00:15,50838,0,0.222488330118999
2015/01/01 00:30,50838,0,0.224193061742938
2015/01/01 00:45,50348,0,0.223830301220455
2015/01/01 01:00,49304,0,0.224785555196689
2015/01/01 01:15,48850,0,0.227885790927897
2015/01/01 01:30,48526,0,0.22778145076379
2015/01/01 01:45,48557,0,0.230649060160063
2015/01/01 02:00,48487,0,0.233981817804956
2015/01/01 02:15,48324,0,0.233903295899156
2015/01/01 02:30,48058,0,0.233307920604756
2015/01/01 02:45,48364,0,0.234728272623621
2015/01/01 03:00,48217,0,0.235476708014905
2015/01/01 03:15,47898,0,0.233098209845459
2015/01/01 03:30,47847,0,0.232709586191767
2015/01/01 03:45,47815,0,0.236248973269422
2015/01/01 04:00,48686,0,0.239168121225668
2015/01/01 04:15,48843,0,0.238857002554654
2015/01/01 04:30,48795,0,0.235677443951106
2015/01/01 04:45,48806,0,0.233479897527245
2015/01/01 05:00,49316,0,0.240843763821
2015/01/01 05:15,49053,0,0.239473141989756
2015/01/01 05:30,48115,0,0.23781827654955
2015/01/01 05:45,48535,0,0.236111742608533
2015/01/01 06:00,47582,0,0.239082474331359
2015/01/01 06:15,48541,0,0.244611445470961
2015/01/01 06:30,48107,0,0.255928741853348
2015/01/01 06:45,48637,0,0.26184520708647
2015/01/01 07:00,48503,0,0.262102502680688
2015/01/01 07:15,47976,0,0.265331467177578
2015/01/01 07:30,48991,0,0.269671546120142
2015/01/01 07:45,48970,0,0.270755697969977
2015/01/01 08:00,49387,0,0.268351401594976
2015/01/01 08:15,50076,0.000375613733189,0.269590590919924
2015/01/01 08:30,48704,0.001314646641817,0.259770219924169
2015/01/01 08:45,48762,0.003997594640897,0.257417680729309
2015/01/01 09:00,48144,0.009148847621639,0.254961802108675
2015/01/01 09:15,48924,0.015373266884181,0.260128667793263
2015/01/01 09:30,49097,0.023234266488032,0.26185881870827
2015/01/01 09:45,50318,0.035226973264284,0.259609668680683
2015/01/01 10:00,50495,0.043544033255407,0.263768711782338
2015/01/01 10:15,50196,0.050707414472039,0.268728737924283
2015/01/01 10:30,50746,0.059802489101232,0.27601424923482
2015/01/01 10:45,51380,0.073109738108161,0.281904388240955
2015/01/01 11:00,52151,0.080943794824975,0.286709240385617
2015/01/01 11:15,51720,0.085746134564696,0.292237539896902
2015/01/01 11:30,52002,0.093499673092175,0.295569498443739
2015/01/01 11:45,53381,0.100850757637571,0.302673870660418
2015/01/01 12:00,53154,0.110616446726104,0.304042028038915
2015/01/01 12:15,54035,0.114184595490734,0.313445923721021
2015/01/01 12:30,54293,0.114989343527171,0.316209292736533
2015/01/01 12:45,55113,0.110750232339278,0.317189802158746
2015/01/01 13:00,54161,0.104740416331259,0.319901455628907
2015/01/01 13:15,54300,0.098059889070091,0.327031381584932
2015/01/01 13:30,54357,0.089394034580163,0.325195504122904
2015/01/01 13:45,53938,0.083464747981853,0.320284948086608
2015/01/01 14:00,53634,0.075496479061205,0.312170564350869
2015/01/01 14:15,53143,0.066133126959412,0.310463961087522
2015/01/01 14:30,52714,0.056394191586803,0.306121953737972
2015/01/01 14:45,51743,0.046521133333664,0.30325271091023
2015/01/01 15:00,52217,0.034877397815357,0.3005901901836
2015/01/01 15:15,52526,0.023448317434786,0.301338190314407
2015/01/01 15:30,52687,0.014326530828817,0.306271777818945
2015/01/01 15:45,52902,0.007351058416132,0.316579396270972
2015/01/01 16:00,53368,0.00321943815414,0.32817876616002
2015/01/01 16:15,54126,0.001395088355347,0.344351128033294
2015/01/01 16:30,54894,0.000643886235648,0.358921485911685
2015/01/01 16:45,56633,0.000107314256343,0.372251570495042
2015/01/01 17:00,56186,0,0.38111185504631
2015/01/01 17:15,56339,0,0.392478178742878
2015/01/01 17:30,57506,0,0.407073921057157
2015/01/01 17:45,57656,0,0.414564636368129
2015/01/01 18:00,57066,0,0.423992980704068
2015/01/01 18:15,57129,0,0.433111215494887
2015/01/01 18:30,57166,0,0.439464954876941
2015/01/01 18:45,57806,0,0.446619543068922
2015/01/01 19:00,58079,0,0.456796819682829
2015/01/01 19:15,57738,0,0.461832774602161
2015/01/01 19:30,57725,0,0.468418801384403
2015/01/01 19:45,56848,0,0.473919696631117
2015/01/01 20:00,57610,0,0.483424973939362
2015/01/01 20:15,57442,0,0.490682532984821
2015/01/01 20:30,56782,0,0.498275882883557
2015/01/01 20:45,55999,0,0.509796042003914
2015/01/01 21:00,57391,0,0.516743381672409
2015/01/01 21:15,56743,0,0.522476441993689
2015/01/01 21:30,57485,0,0.527537760122485
2015/01/01 21:45,56757,0,0.536422505271156
2015/01/01 22:00,58626,0,0.543860462764952
2015/01/01 22:15,58048,0,0.547965766299667
2015/01/01 22:30,57715,0,0.547110920866057
2015/01/01 22:45,58141,0,0.555452921915301
2015/01/01 23:00,57034,0,0.557517261009024
2015/01/01 23:15,57240,0,0.566298318254618
2015/01/01 23:30,57499,0,0.577585149402919
2015/01/01 23:45,57243,0,0.580527703175355
2015/01/02 00:00,57171,0,0.581455236923995
2015/01/02 00:15,55743,0,0.57243699613491
2015/01/02 00:30,55636,0,0.57866033170672
2015/01/02 00:45,56368,0,0.589507710868551
2015/01/02 01:00,57411,0,0.597048395553373
2015/01/02 01:15,57452,0,0.59880248659143
2015/01/02 01:30,57462,0,0.608383844162397
2015/01/02 01:45,56103,0,0.61726764283992
2015/01/02 02:00,55476,0,0.624110607086529
2015/01/02 02:15,55276,0,0.621886381900469
2015/01/02 02:30,55448,0,0.625758568517542
2015/01/02 02:45,54811,0,0.633763852469076
2015/01/02 03:00,54581,0,0.639237536964575
2015/01/02 03:15,54736,0,0.641663017347293
2015/01/02 03:30,55108,0,0.647033294916737
2015/01/02 03:45,55625,0,0.658706443459397
2015/01/02 04:00,56579,0,0.659065289084914
2015/01/02 04:15,55880,0,0.662265586321485
2015/01/02 04:30,56591,0,0.667790673064636
2015/01/02 04:45,56719,0,0.668511112181759
2015/01/02 05:00,56838,0,0.675534327993162
2015/01/02 05:15,58805,0,0.678992810682232
2015/01/02 05:30,60242,0,0.678550804482827
2015/01/02 05:45,59754,0,0.671108669269936
2015/01/02 06:00,59718,0,0.68187719742879
2015/01/02 06:15,58648,0,0.68365661010678
2015/01/02 06:30,59346,0,0.686159259423124
2015/01/02 06:45,57923,0,0.671407240603366
2015/01/02 07:00,59661,0,0.675330581668065
2015/01/02 07:15,58883,0,0.677678253913306
2015/01/02 07:30,58757,0,0.677003798471181
2015/01/02 07:45,60373,0,0.676226029268566
2015/01/02 08:00,61798,2.68267911691103E-05,0.680975835656479
2015/01/02 08:15,62142,0.000590188766351,0.689367582664633
2015/01/02 08:30,63440,0.001234029720054,0.694168952054111
2015/01/02 08:45,63529,0.00222661643055,0.682697738035411
2015/01/02 09:00,63865,0.003728907813944,0.681041764184524
2015/01/02 09:15,64588,0.005687248921993,0.67770690550681
2015/01/02 09:30,64403,0.007457799469432,0.661147573908754
2015/01/02 09:45,64953,0.010220929926897,0.659543370580048
2015/01/02 10:00,64926,0.012984054397646,0.66364736439318
2015/01/02 10:15,64988,0.016203223885086,0.6584271355537
2015/01/02 10:30,65567,0.019422386397752,0.6612913233273
2015/01/02 10:45,65650,0.02293663312203,0.665782685814717
2015/01/02 11:00,66065,0.02647769867465,0.666399743236939
2015/01/02 11:15,66206,0.031386903636687,0.665467095219805
2015/01/02 11:30,66501,0.036108313272177,0.668072922231133
2015/01/02 11:45,66868,0.041500371559184,0.666597884561746
2015/01/02 12:00,67565,0.044397569828835,0.664606299252994
2015/01/02 12:15,67133,0.045255963240287,0.661736582304562
2015/01/02 12:30,67475,0.047080100442019,0.661578807524539
2015/01/02 12:45,66634,0.048475013867592,0.661188584971626
2015/01/02 13:00,66435,0.050889320248492,0.662063916636106
2015/01/02 13:15,66257,0.052284226525278,0.668053077933248
2015/01/02 13:30,66081,0.051989082215564,0.665777436302468
2015/01/02 13:45,65866,0.048635760551452,0.668899707293999
2015/01/02 14:00,65372,0.043967967561741,0.661742753601333
2015/01/02 14:15,65191,0.038790489457282,0.655050747034768
2015/01/02 14:30,65291,0.033639848605921,0.650450777127579
2015/01/02 14:45,65950,0.028703826966011,0.646160767886556
2015/01/02 15:00,65484,0.022667950945026,0.651529978143454
2015/01/02 15:15,65677,0.016015091188377,0.643340186672199
2015/01/02 15:30,65693,0.010730367731524,0.642562662620272
2015/01/02 15:45,65774,0.005982173529863,0.643386379734171
2015/01/02 16:00,66916,0.002789889565646,0.64751585042141
2015/01/02 16:15,66839,0.001233988278803,0.642425352364192
2015/01/02 16:30,65874,0.000643819274105,0.634700641912739
2015/01/02 16:45,65706,0.000214606192221,0.628938767364875
2015/01/02 17:00,66135,0,0.625682045872327
2015/01/02 17:15,65472,0,0.623380903157017
2015/01/02 17:30,65995,0,0.627226272033032
2015/01/02 17:45,66451,0,0.634119015781038
2015/01/02 18:00,66143,0,0.643026080500639
2015/01/02 18:15,65872,0,0.646122384296392
2015/01/02 18:30,66140,0,0.647979054204421
2015/01/02 18:45,65672,0,0.646452626935815
2015/01/02 19:00,65803,0,0.64552018622753
2015/01/02 19:15,65502,0,0.639887634396433
2015/01/02 19:30,65145,0,0.639807445225293
2015/01/02 19:45,64154,0,0.634820580697989
2015/01/02 20:00,62975,0,0.63373325816163
2015/01/02 20:15,61618,0,0.627274471404055
2015/01/02 20:30,60399,0,0.621151455120243
2015/01/02 20:45,61010,0,0.62574552235658
2015/01/02 21:00,60940,0,0.625975283983991
2015/01/02 21:15,60527,0,0.628761615038795
2015/01/02 21:30,60414,0,0.627725993576699
2015/01/02 21:45,60788,0,0.63446332488842
2015/01/02 22:00,60383,0,0.624699302905404
2015/01/02 22:15,60908,0,0.631798119099621
2015/01/02 22:30,61488,0,0.637657351593895
2015/01/02 22:45,61021,0,0.641218261033031
2015/01/02 23:00,59632,0,0.639769442102351
2015/01/02 23:15,59109,0,0.639560143151907
2015/01/02 23:30,58070,0,0.633876376921846
2015/01/02 23:45,58478,0,0.630465070396504
2015/01/03 00:00,56867,0,0.626330755869334
2015/01/03 00:15,56252,0,0.621292684072639
2015/01/03 00:30,57292,0,0.6217548537058
2015/01/03 00:45,57811,0,0.617414049396984
2015/01/03 01:00,57259,0,0.609354869293083
2015/01/03 01:15,56268,0,0.603258244799204
2015/01/03 01:30,55924,0,0.600673476385329
2015/01/03 01:45,55449,0,0.590936041094675
2015/01/03 02:00,54613,0,0.584787928593328
2015/01/03 02:15,54119,0,0.578252541825844
2015/01/03 02:30,53314,0,0.562731275400973
2015/01/03 02:45,52951,0,0.558649084250361
2015/01/03 03:00,52644,0,0.551726570049052
2015/01/03 03:15,52466,0,0.540517774803634
2015/01/03 03:30,52197,0,0.537391114779512
2015/01/03 03:45,51498,0,0.530830274333787
2015/01/03 04:00,51328,0,0.527548755963898
2015/01/03 04:15,51577,0,0.521323684454441
2015/01/03 04:30,52285,0,0.523412955720397
2015/01/03 04:45,53214,0,0.523410735254782
2015/01/03 05:00,53595,0,0.525706544397957
2015/01/03 05:15,54336,0,0.528389640777156
2015/01/03 05:30,53812,0,0.533396544822274
2015/01/03 05:45,53628,0,0.53057987712644
2015/01/03 06:00,54606,0,0.539072445471048
2015/01/03 06:15,54890,0,0.549475622465772
2015/01/03 06:30,55245,0,0.555386048599922
2015/01/03 06:45,55416,0,0.5586628059625
2015/01/03 07:00,56014,0,0.561423141905895
2015/01/03 07:15,55788,0,0.562324445289996
2015/01/03 07:30,55968,0,0.566788826764051
2015/01/03 07:45,57701,0,0.575978111838589
2015/01/03 08:00,58292,2.6824001479607E-05,0.588549639757899
2015/01/03 08:15,58673,0.000724247255432,0.594433905500138
2015/01/03 08:30,58161,0.002360507016318,0.592520776146204
2015/01/03 08:45,58046,0.004774656747386,0.597785321179324
2015/01/03 09:00,58693,0.008744586593174,0.603385466009486
2015/01/03 09:15,59439,0.013921581367372,0.605629132954434
2015/01/03 09:30,59629,0.019018093444584,0.605187647955361
2015/01/03 09:45,61372,0.023551294720775,0.604384708035775
2015/01/03 10:00,61486,0.028325900097444,0.596016993507441
2015/01/03 10:15,61770,0.032590844070794,0.591238087706507
2015/01/03 10:30,62305,0.036292480875188,0.597896661829787
2015/01/03 10:45,62600,0.039967285978453,0.600140294953622
2015/01/03 11:00,63445,0.043963966954301,0.602099911829122
2015/01/03 11:15,63846,0.046029338361446,0.601529365814033
2015/01/03 11:30,63842,0.046270700854675,0.600597376705859
2015/01/03 11:45,64114,0.046136532906014,0.594734233901766
2015/01/03 12:00,65260,0.046270600613892,0.59163361232138
2015/01/03 12:15,65162,0.044097846383525,0.595400440388376
2015/01/03 12:30,64939,0.042702977736046,0.588607972464501
2015/01/03 12:45,64805,0.040476585178306,0.581841379325909
2015/01/03 13:00,64139,0.037552788514248,0.567458813114592
2015/01/03 13:15,63558,0.032912301140274,0.553308721402085
2015/01/03 13:30,63600,0.02880829106453,0.538874764561199
2015/01/03 13:45,63267,0.024650643213234,0.526919335665935
2015/01/03 14:00,61919,0.020519827673131,0.517571486249585
2015/01/03 14:15,61420,0.017140072784544,0.50698452389605
2015/01/03 14:30,61601,0.014109027416274,0.497611021938698
2015/01/03 14:45,61997,0.011158458265331,0.487772906351208
2015/01/03 15:00,60434,0.008100602754695,0.471661543349202
2015/01/03 15:15,60292,0.006062033905751,0.459835784130884
2015/01/03 15:30,60304,0.00431852390112,0.441349608213891
2015/01/03 15:45,60112,0.0023872559682,0.430918133669355
2015/01/03 16:00,58450,0.001099745940193,0.428644520959621
2015/01/03 16:15,57898,0.000590106938472,0.422576030082882
2015/01/03 16:30,58560,0.000402345204056,0.40780776063228
2015/01/03 16:45,59461,0.000187760891847,0.3970668204104
2015/01/03 17:00,58644,0,0.396187416075409
2015/01/03 17:15,59000,0,0.397295788904268
2015/01/03 17:30,59090,0,0.398120186434927
2015/01/03 17:45,60007,0,0.396311449830557
2015/01/03 18:00,59946,0,0.388074827809121
2015/01/03 18:15,59196,0,0.376585616777715
2015/01/03 18:30,58792,0,0.366103274301535
2015/01/03 18:45,57913,0,0.361222774625992
2015/01/03 19:00,58858,0,0.343589990626623
2015/01/03 19:15,57596,0,0.335147252356463
2015/01/03 19:30,56750,0,0.322496870193334
2015/01/03 19:45,56815,0,0.335557435038833
2015/01/03 20:00,58116,0,0.342629044207442
2015/01/03 20:15,57551,0,0.352127097841912
2015/01/03 20:30,56582,0,0.363690172322502
2015/01/03 20:45,57132,0,0.373755956548585
2015/01/03 21:00,56291,0,0.378065234037699
2015/01/03 21:15,56588,0,0.391512432454014
2015/01/03 21:30,56538,0,0.396776691284612
2015/01/03 21:45,57148,0,0.404777106810117
2015/01/03 22:00,56598,0,0.393856444274046
2015/01/03 22:15,56792,0,0.410788102776206
2015/01/03 22:30,56378,0,0.413290211129521
2015/01/03 22:45,56611,0,0.414579097489082
2015/01/03 23:00,56581,0,0.421391884914658
2015/01/03 23:15,57482,0,0.447460786865277
2015/01/03 23:30,57535,0,0.454789626135644
2015/01/03 23:45,57238,0,0.466429064772372
2015/01/04 00:00,54177,0,0.459767530061176
2015/01/04 00:15,53825,0,0.456977870683554
2015/01/04 00:30,54116,0,0.459402262215476
2015/01/04 00:45,54576,0,0.468331233651856
2015/01/04 01:00,54596,0,0.476305092861167
2015/01/04 01:15,54433,0,0.480716871538061
2015/01/04 01:30,54976,0,0.494627273584029
2015/01/04 01:45,54310,0,0.482803523287586
2015/01/04 02:00,53341,0,0.477561769897637
2015/01/04 02:15,53133,0,0.482386448406119
2015/01/04 02:30,53901,0,0.494954428111291
2015/01/04 02:45,54484,0,0.496217069674056
2015/01/04 03:00,54275,0,0.491981974253517
2015/01/04 03:15,53951,0,0.489269752661419
2015/01/04 03:30,53971,0,0.485034722621064
2015/01/04 03:45,53153,0,0.49179504116499
2015/01/04 04:00,53589,0,0.49483859272616
2015/01/04 04:15,53548,0,0.492152215400213
2015/01/04 04:30,53508,0,0.494369811161717
2015/01/04 04:45,53305,0,0.490367140686448
2015/01/04 05:00,51887,0,0.489513329752867
2015/01/04 05:15,53050,0,0.48569138337328
2015/01/04 05:30,52265,0,0.483727776949
2015/01/04 05:45,51582,0,0.47680872141468
2015/01/04 06:00,51513,0,0.476961557172144
2015/01/04 06:15,51315,0,0.477166010630681
2015/01/04 06:30,51211,0,0.479331975933293
2015/01/04 06:45,51479,0,0.489498799586755
2015/01/04 07:00,51386,0,0.48033446846248
2015/01/04 07:15,50557,0,0.460459454801753
2015/01/04 07:30,49742,0,0.454366589753782
2015/01/04 07:45,50081,0,0.462571874835221
2015/01/04 08:00,50384,8.04636371107112E-05,0.460118083789995
2015/01/04 08:15,51095,0.000455960116441,0.460632305211699
2015/01/04 08:30,51831,0.001475163484848,0.473224906670515
2015/01/04 08:45,51123,0.004210916659527,0.46024127273951
2015/01/04 09:00,51343,0.010218837640745,0.449864386691196
2015/01/04 09:15,52212,0.019284347259291,0.444700842088166
2015/01/04 09:30,53108,0.030066383676649,0.441627795425056
2015/01/04 09:45,54421,0.044925190109115,0.444413183219263
2015/01/04 10:00,54521,0.057611464976929,0.443791910258515
2015/01/04 10:15,55072,0.068661634357684,0.434731509086324
2015/01/04 10:30,55729,0.079416749661116,0.429852022140037
2015/01/04 10:45,56514,0.091593348986534,0.42814690261409
2015/01/04 11:00,57892,0.102107028381327,0.430958095936377
2015/01/04 11:15,59168,0.110233630711252,0.430104627408211
2015/01/04 11:30,59760,0.113452007999244,0.438180457494761
2015/01/04 11:45,59989,0.11951338063784,0.445817498548931
2015/01/04 12:00,59253,0.122785382398646,0.437402532244675
2015/01/04 12:15,58942,0.123992181745241,0.439542648047094
2015/01/04 12:30,58560,0.123536095730144,0.431101972944252
2015/01/04 12:45,59609,0.120961178529212,0.43117756504066
2015/01/04 13:00,58393,0.119807760369048,0.432311224799346
2015/01/04 13:15,58261,0.112378323762184,0.429238426110717
2015/01/04 13:30,57919,0.103098283692272,0.429133380870882
2015/01/04 13:45,57614,0.093040467941648,0.428899305443158
2015/01/04 14:00,56220,0.079925135246887,0.424329806139403
2015/01/04 14:15,55493,0.070511058048545,0.419373255630328
2015/01/04 14:30,55455,0.059621876102761,0.412455499702355
2015/01/04 14:45,55299,0.04969825315391,0.407653876236765
2015/01/04 15:00,54763,0.04004285569096,0.398878220513204
2015/01/04 15:15,55365,0.030521580992686,0.391263889370012
2015/01/04 15:30,55355,0.0200347946467,0.38426895358923
2015/01/04 15:45,55290,0.011532734093015,0.382589977251289
2015/01/04 16:00,54978,0.005578618821568,0.378072439737539
2015/01/04 16:15,55206,0.002252901314819,0.371464725679063
2015/01/04 16:30,55960,0.000992348313891,0.357425224133432
2015/01/04 16:45,57243,0.00016092117391,0.354662584160188
2015/01/04 17:00,55717,0,0.35672546397836
2015/01/04 17:15,56233,0,0.352956467721236
2015/01/04 17:30,57010,0,0.352413075246877
2015/01/04 17:45,57458,0,0.353495368687273
2015/01/04 18:00,56546,0,0.353184217737861
2015/01/04 18:15,56964,0,0.351711878339058
2015/01/04 18:30,56503,0,0.354523038165481
2015/01/04 18:45,56857,0,0.359811360805065
2015/01/04 19:00,56403,0,0.363267560412474
2015/01/04 19:15,56264,0,0.368117136390063
2015/01/04 19:30,55959,0,0.369947638417373
2015/01/04 19:45,56268,0,0.36953321259271
2015/01/04 20:00,56182,0,0.366306210894251
2015/01/04 20:15,56129,0,0.37094926478187
2015/01/04 20:30,56219,0,0.361452091814987
2015/01/04 20:45,56557,0,0.359902370326406
2015/01/04 21:00,55862,0,0.344212594382252
2015/01/04 21:15,55467,0,0.339050548404352
2015/01/04 21:30,55138,0,0.335023870462258
2015/01/04 21:45,55066,0,0.330635988652505
2015/01/04 22:00,55487,0,0.328002721220538
2015/01/04 22:15,54533,0,0.319718729463972
2015/01/04 22:30,54653,0,0.317807997468326
2015/01/04 22:45,55230,0,0.320257866546075
2015/01/04 23:00,54772,0,0.322423891004927
2015/01/04 23:15,54783,0,0.320900202720456
2015/01/04 23:30,55117,0,0.320615020916655
2015/01/04 23:45,55235,0,0.321336113284232
2015/01/05 00:00,55054,0,0.319064198805373
2015/01/05 00:15,56227,0,0.317076121420352
2015/01/05 00:30,56803,0,0.316997372756653
2015/01/05 00:45,57417,0,0.318466708900116
2015/01/05 01:00,56015,0,0.31712369165465
2015/01/05 01:15,55254,0,0.315909691713387
2015/01/05 01:30,54979,0,0.317482218078587
2015/01/05 01:45,55128,0,0.316784246206555
2015/01/05 02:00,55395,0,0.321839871019756
2015/01/05 02:15,55424,0,0.324728190299641
2015/01/05 02:30,56440,0,0.330557757678679
2015/01/05 02:45,56523,0,0.329446933776861
2015/01/05 03:00,55588,0,0.330038946879599
2015/01/05 03:15,56033,0,0.327767120706521
2015/01/05 03:30,55983,0,0.328488136907132
2015/01/05 03:45,57388,0,0.330860352748062
2015/01/05 04:00,57880,0,0.338779544291056
2015/01/05 04:15,58536,0,0.346079471789342
2015/01/05 04:30,58549,0,0.34839998337329
2015/01/05 04:45,58906,0,0.364781285865148
2015/01/05 05:00,59311,0,0.373732181075083
2015/01/05 05:15,58923,0,0.383921373221688
2015/01/05 05:30,58963,0,0.3881766343851
2015/01/05 05:45,59132,0,0.386936626677935
2015/01/05 06:00,60348,0,0.388173343625409
2015/01/05 06:15,60709,0,0.395911397155225
2015/01/05 06:30,61795,0,0.401946658548263
2015/01/05 06:45,62370,0,0.404137850917518
2015/01/05 07:00,63680,0,0.393223301247594
2015/01/05 07:15,63927,0,0.395208123545641
2015/01/05 07:30,64216,0,0.39812167320103
2015/01/05 07:45,65482,0,0.393708469545385
2015/01/05 08:00,66978,0.000107273695363,0.395925448625933
2015/01/05 08:15,67121,0.000777733449104,0.395046634334332
2015/01/05 08:30,67003,0.002386834551983,0.388492264821666
2015/01/05 08:45,67385,0.006677765840446,0.387974660124834
2015/01/05 09:00,67064,0.013006879217368,0.382349096712791
2015/01/05 09:15,67484,0.021910533633192,0.377807083721142
2015/01/05 09:30,68105,0.032718264483919,0.374658178269184
2015/01/05 09:45,70019,0.045805520670758,0.37287656517756
2015/01/05 10:00,69407,0.060072748936572,0.362581839682613
2015/01/05 10:15,69489,0.074071764675615,0.358788107632695
2015/01/05 10:30,69419,0.086676207156396,0.347177875109847
2015/01/05 10:45,69557,0.099495167171331,0.339153527904929
2015/01/05 11:00,70359,0.113091823605089,0.330432731914984
2015/01/05 11:15,71118,0.124194372285799,0.323079240746274
2015/01/05 11:30,70844,0.131086468214002,0.312604411204788
2015/01/05 11:45,70682,0.143288510874991,0.304116007939864
2015/01/05 12:00,71249,0.150556022624806,0.299342369946774
2015/01/05 12:15,71392,0.158064880004477,0.291447411399991
2015/01/05 12:30,71283,0.160022415601773,0.28360411230062
2015/01/05 12:45,71121,0.160987685694678,0.272845914352552
2015/01/05 13:00,70714,0.159861161945193,0.266653707393758
2015/01/05 13:15,70714,0.157098753986122,0.259868246424138
2015/01/05 13:30,69949,0.149723693010112,0.247227190605676
2015/01/05 13:45,69435,0.141168666750944,0.236882060667633
2015/01/05 14:00,68335,0.129663709073463,0.221171532215753
2015/01/05 14:15,68187,0.117944234732829,0.208479210128795
2015/01/05 14:30,67882,0.102765306511603,0.195580632520496
2015/01/05 14:45,67882,0.088900475510656,0.186525660780021
2015/01/05 15:00,66344,0.073587523565861,0.174555911643735
2015/01/05 15:15,65837,0.054815136762989,0.163772836730576
2015/01/05 15:30,66171,0.038644093216313,0.154228010854568
2015/01/05 15:45,65741,0.02469893914538,0.147649672651867
2015/01/05 16:00,64012,0.014186454569266,0.139988011456536
2015/01/05 16:15,64624,0.004961231102283,0.133951476440816
2015/01/05 16:30,65266,0.001662681055293,0.126676855941198
2015/01/05 16:45,65880,0.000402261110005,0.12324566332849
2015/01/05 17:00,64014,0,0.119401791079868
2015/01/05 17:15,64784,0,0.119246519949737
2015/01/05 17:30,65271,0,0.115015786085097
2015/01/05 17:45,64905,0,0.111404143286237
2015/01/05 18:00,65744,0,0.109494925703355
2015/01/05 18:15,65660,0,0.109055967957522
2015/01/05 18:30,65576,0,0.110628917776067
2015/01/05 18:45,65199,0,0.107894334800338
2015/01/05 19:00,65625,0,0.108254985450788
2015/01/05 19:15,64415,0,0.103095864468994
2015/01/05 19:30,64123,0,0.098684790065575
2015/01/05 19:45,63235,0,0.094789614898021
2015/01/05 20:00,63510,0,0.088624690223622
2015/01/05 20:15,63045,0,0.084136354601932
2015/01/05 20:30,61977,0,0.079364336610294
2015/01/05 20:45,60837,0,0.076552600864337
2015/01/05 21:00,60244,0,0.072244921282077
2015/01/05 21:15,60027,0,0.069330069789233
2015/01/05 21:30,60417,0,0.067060051184962
2015/01/05 21:45,59362,0,0.063448856479377
2015/01/05 22:00,60080,0,0.059192889659716
2015/01/05 22:15,59790,0,0.05583967889208
2015/01/05 22:30,58848,0,0.052667039774623
2015/01/05 22:45,58407,0,0.049778137135407
2015/01/05 23:00,58341,0,0.047869342500777
2015/01/05 23:15,57444,0,0.045960564043184
2015/01/05 23:30,56701,0,0.047172567578145
2015/01/05 23:45,57570,0,0.045728052437052
2015/01/06 00:00,56585,0,0.042658701768184
2015/01/06 00:15,56241,0,0.038480358729996
2015/01/06 00:30,56920,0,0.037113271831977
2015/01/06 00:45,56681,0,0.035617241986827
2015/01/06 01:00,54597,0,0.032754312563566
2015/01/06 01:15,54418,0,0.030845662859158
2015/01/06 01:30,54839,0,0.02968495611298
2015/01/06 01:45,55449,0,0.027570011834006
2015/01/06 02:00,56629,0,0.025455085478351
2015/01/06 02:15,56554,0,0.023752821059858
2015/01/06 02:30,56706,0,0.022205311916858
2015/01/06 02:45,55987,0,0.022179427795096
2015/01/06 03:00,54757,0,0.022359863277019
2015/01/06 03:15,55839,0,0.021998711140809
2015/01/06 03:30,55035,0,0.020812291521538
2015/01/06 03:45,54897,0,0.021456943216467
2015/01/06 04:00,55206,0,0.022230536878099
2015/01/06 04:15,55429,0,0.024138856557286
2015/01/06 04:30,55590,0,0.023803493801883
2015/01/06 04:45,56192,0,0.024344965264466
2015/01/06 05:00,55730,0,0.025763259799364
2015/01/06 05:15,56853,0,0.02741364277164
2015/01/06 05:30,54620,0,0.02903822292809
2015/01/06 05:45,55932,0,0.031513817112091
2015/01/06 06:00,56120,0,0.033576772529448
2015/01/06 06:15,56040,0,0.035897595490404
2015/01/06 06:30,56092,0,0.037161074661872
2015/01/06 06:45,57972,0,0.041183889512323
2015/01/06 07:00,58887,0,0.042782581850761
2015/01/06 07:15,59154,0,0.044664929362084
2015/01/06 07:30,60464,0,0.048326629899841
2015/01/06 07:45,61377,0,0.049125848400017
2015/01/06 08:00,61555,0.000107262543565,0.052452258419414
2015/01/06 08:15,61757,0.001233517915242,0.054927648514236
2015/01/06 08:30,62200,0.004719541695449,0.05768668034409
2015/01/06 08:45,62516,0.013568667681206,0.059904153187106
2015/01/06 09:00,62751,0.026359655903618,0.063049950063157
2015/01/06 09:15,63706,0.044567345545634,0.0658604867951
2015/01/06 09:30,64871,0.065188387304131,0.068413128890579
2015/01/06 09:45,65210,0.08430772017568,0.073157642050769
2015/01/06 10:00,65325,0.101603564195694,0.075503936691484
2015/01/06 10:15,66410,0.11911389375382,0.078237012766645
2015/01/06 10:30,67109,0.13265551425324,0.080712199232177
2015/01/06 10:45,67194,0.150058510997591,0.081665959108113
2015/01/06 11:00,67691,0.163197839349031,0.08486313001881
2015/01/06 11:15,68300,0.175908095109819,0.087209325365582
2015/01/06 11:30,68808,0.183067570865385,0.091076887112092
2015/01/06 11:45,69052,0.191996834337035,0.091385934442071
2015/01/06 12:00,69005,0.195884826267995,0.089451598054917
2015/01/06 12:15,68640,0.195857799009833,0.086949988688984
2015/01/06 12:30,68628,0.195026318413751,0.087052763405681
2015/01/06 12:45,68378,0.193283126756361,0.088186963727912
2015/01/06 13:00,68239,0.186605968728228,0.090945644258082
2015/01/06 13:15,68725,0.178185848464101,0.095663995114436
2015/01/06 13:30,67918,0.165341271919337,0.099221965953972
2015/01/06 13:45,67659,0.151048714918485,0.10334718159599
2015/01/06 14:00,66757,0.133216616923832,0.107240296244135
2015/01/06 14:15,66606,0.114285146239921,0.108890082343204
2015/01/06 14:30,66362,0.096748090363792,0.113401978057485
2015/01/06 14:45,65777,0.080283666543006,0.118971011851662
2015/01/06 15:00,65154,0.063899722847685,0.124488429103326
2015/01/06 15:15,65296,0.048561591593617,0.130934044110895
2015/01/06 15:30,65354,0.033438011675397,0.135652045666451
2015/01/06 15:45,64996,0.020727790726691,0.144186091207104
2015/01/06 16:00,65007,0.011208547402035,0.158882498242963
2015/01/06 16:15,65485,0.004183089716107,0.169066557555046
2015/01/06 16:30,65801,0.001689322863774,0.177677705155869
2015/01/06 16:45,67071,0.000375404674335,0.182704815730743
2015/01/06 17:00,65839,0,0.192785509480436
2015/01/06 17:15,67513,0,0.203098171083655
2015/01/06 17:30,68599,0,0.216427424932512
2015/01/06 17:45,68267,0,0.225218673853823
2015/01/06 18:00,68635,0,0.235943600895644
2015/01/06 18:15,68287,0,0.239191292016913
2015/01/06 18:30,68398,0,0.245352451526983
2015/01/06 18:45,68538,0,0.246537432046485
2015/01/06 19:00,68312,0,0.246536387693556
2015/01/06 19:15,68022,0,0.245375116362367
2015/01/06 19:30,68423,0,0.246199123748902
2015/01/06 19:45,67679,0,0.249343558469595
2015/01/06 20:00,68325,0,0.255246693439256
2015/01/06 20:15,67394,0,0.253440845261014
2015/01/06 20:30,66776,0,0.250474809968182
2015/01/06 20:45,66107,0,0.242661752473863
2015/01/06 21:00,65295,0,0.238458249211645
2015/01/06 21:15,64887,0,0.237168141710125
2015/01/06 21:30,64332,0,0.237528082835036
2015/01/06 21:45,65558,0,0.242167788058235
2015/01/06 22:00,64178,0,0.246162913460159
2015/01/06 22:15,63373,0,0.249126744560986
2015/01/06 22:30,63495,0,0.251394452694272
2015/01/06 22:45,64604,0,0.250104323185336
2015/01/06 23:00,63299,0,0.247937644357523
2015/01/06 23:15,63065,0,0.245255362393429
2015/01/06 23:30,62415,0,0.244403551693504
2015/01/06 23:45,61815,0,0.244634544168693
2015/01/07 00:00,60507,0,0.239451577824094
2015/01/07 00:15,60040,0,0.233237429875865
2015/01/07 00:30,60366,0,0.235144201068946
2015/01/07 00:45,60100,0,0.23333857571981
2015/01/07 01:00,59702,0,0.228542449686568
2015/01/07 01:15,59940,0,0.220369157954561
2015/01/07 01:30,59944,0,0.216526990879838
2015/01/07 01:45,60779,0,0.212504396474749
2015/01/07 02:00,60236,0,0.213869829685266
2015/01/07 02:15,59031,0,0.210105078252675
2015/01/07 02:30,59021,0,0.209897951103207
2015/01/07 02:45,59147,0,0.210515771174598
2015/01/07 03:00,58663,0,0.218300269395996
2015/01/07 03:15,58927,0,0.224022355479617
2015/01/07 03:30,59275,0,0.227475821885289
2015/01/07 03:45,59614,0,0.228402906348233
2015/01/07 04:00,59915,0,0.229639330956557
2015/01/07 04:15,60548,0,0.227756499316869
2015/01/07 04:30,60251,0,0.223656708416065
2015/01/07 04:45,60621,0,0.221567688685453
2015/01/07 05:00,60106,0,0.221102736128747
2015/01/07 05:15,60537,0,0.219323086358154
2015/01/07 05:30,61039,0,0.214295380219131
2015/01/07 05:45,61503,0,0.216743404994305
2015/01/07 06:00,63303,0,0.216613596390285
2015/01/07 06:15,63480,0,0.219783375094126
2015/01/07 06:30,66033,0,0.218545104667333
2015/01/07 06:45,67847,0,0.217203733533683
2015/01/07 07:00,67202,0,0.213542381686738
2015/01/07 07:15,68065,0,0.208179740536513
2015/01/07 07:30,68750,0,0.206838430344971
2015/01/07 07:45,70215,0,0.203099836829518
2015/01/07 08:00,69316,8.04385455633551E-05,0.201526564236102
2015/01/07 08:15,70560,0.000402192292336,0.200056413544184
2015/01/07 08:30,70596,0.001394265103768,0.19848316716599
2015/01/07 08:45,70021,0.003539284508119,0.196471726379507
2015/01/07 09:00,69239,0.007427126872937,0.192217719606801
2015/01/07 09:15,69232,0.012494719766446,0.188943263739453
2015/01/07 09:30,69758,0.018420307264525,0.185565729214904
2015/01/07 09:45,70912,0.026946708524542,0.185822708228209
2015/01/07 10:00,71175,0.035070902076499,0.186053908685198
2015/01/07 10:15,71383,0.044267581524795,0.183604375047888
2015/01/07 10:30,73448,0.052847552218892,0.179273202377457
2015/01/07 10:45,72898,0.062205067678967,0.184556533868306
2015/01/07 11:00,72882,0.07137487537429,0.18538058246128
2015/01/07 11:15,72281,0.07858735282137,0.185534452393369
2015/01/07 11:30,73687,0.085907064418124,0.186719350011784
2015/01/07 11:45,72879,0.092341950533493,0.187698032669741
2015/01/07 12:00,73339,0.097382578745309,0.190738747552607
2015/01/07 12:15,73374,0.101699262457079,0.190944142981778
2015/01/07 12:30,74026,0.101913650950178,0.192928031551354
2015/01/07 12:45,74063,0.104112148951308,0.19447372527578
2015/01/07 13:00,74517,0.102959108705122,0.197772110655941
2015/01/07 13:15,74509,0.101672009761522,0.202745840543104
2015/01/07 13:30,74321,0.098776181015289,0.202306809488473
2015/01/07 13:45,74113,0.094995556573527,0.198826362553895
2015/01/07 14:00,73390,0.089525774757173,0.198825520580065
2015/01/07 14:15,72667,0.081026234916043,0.1921748514054
2015/01/07 14:30,72446,0.070274497608968,0.181168362437069
2015/01/07 14:45,71747,0.059495971519803,0.18348728276886
2015/01/07 15:00,71416,0.048368912307794,0.181269924855241
2015/01/07 15:15,70904,0.036705637058729,0.182996021105385
2015/01/07 15:30,71478,0.0237822241195,0.183124116079979
2015/01/07 15:45,71350,0.015202374831615,0.184102747653115
2015/01/07 16:00,70999,0.008499378489911,0.18709172422218
2015/01/07 16:15,71384,0.003807288450502,0.190415732939114
2015/01/07 16:30,72750,0.001555087965058,0.199848042904862
2015/01/07 16:45,73298,0.000482612983859,0.200594626190309
2015/01/07 17:00,73021,0,0.20969175996573
2015/01/07 17:15,73863,0,0.221520777419884
2015/01/07 17:30,73881,0,0.228504350912796
2015/01/07 17:45,74204,0,0.237008472031753
2015/01/07 18:00,74519,0,0.248759904886749
2015/01/07 18:15,74969,0,0.259634963774938
2015/01/07 18:30,74928,0,0.268654298418862
2015/01/07 18:45,74134,0,0.275354026319993
2015/01/07 19:00,74754,0,0.280816619862455
2015/01/07 19:15,74128,0,0.29220680564259
2015/01/07 19:30,73845,0,0.296844570134679
2015/01/07 19:45,73622,0,0.303440976702563
2015/01/07 20:00,74471,0,0.314882466024454
2015/01/07 20:15,73989,0,0.326581577501514
2015/01/07 20:30,73018,0,0.33441482055476
2015/01/07 20:45,72538,0,0.343923156897624
2015/01/07 21:00,72865,0,0.349978021345662
2015/01/07 21:15,72091,0,0.356522492416332
2015/01/07 21:30,70617,0,0.365283244955149
2015/01/07 21:45,70616,0,0.372394563301501
2015/01/07 22:00,69696,0,0.369944728139793
2015/01/07 22:15,68433,0,0.37419538199658
2015/01/07 22:30,67050,0,0.378394458012497
2015/01/07 22:45,67204,0,0.37841862666924
2015/01/07 23:00,66647,0,0.379989037389435
2015/01/07 23:15,66138,0,0.380812087545951
2015/01/07 23:30,65668,0,0.382511327264987
2015/01/07 23:45,65946,0,0.381272729602251
2015/01/08 00:00,64777,0,0.377637507502502
2015/01/08 00:15,64632,0,0.381784904174955
2015/01/08 00:30,64100,0,0.392117077678295
2015/01/08 00:45,65135,0,0.398480592824247
2015/01/08 01:00,65532,0,0.403942109979622
2015/01/08 01:15,65994,0,0.409790126724883
2015/01/08 01:30,65189,0,0.408706067955415
2015/01/08 01:45,64796,0,0.406900472246243
2015/01/08 02:00,65497,0,0.416046884766943
2015/01/08 02:15,65618,0,0.423569754817532
2015/01/08 02:30,65735,0,0.426737570262871
2015/01/08 02:45,65477,0,0.429132286848988
2015/01/08 03:00,65775,0,0.429362390623015
2015/01/08 03:15,66426,0,0.430649015284116
2015/01/08 03:30,65712,0,0.429049530109443
2015/01/08 03:45,66322,0,0.431753419930364
2015/01/08 04:00,66727,0,0.429690110221148
2015/01/08 04:15,66875,0,0.431569385210953
2015/01/08 04:30,65608,0,0.434324766629729
2015/01/08 04:45,65681,0,0.434735218966749
2015/01/08 05:00,65169,0,0.433238829466339
2015/01/08 05:15,66332,0,0.434422322231829
2015/01/08 05:30,65655,0,0.430065713401753
2015/01/08 05:45,67946,0,0.428827040262399
2015/01/08 06:00,70612,0,0.442121331990521
2015/01/08 06:15,70990,0,0.449411674213228
2015/01/08 06:30,70787,0,0.456753489570948
2015/01/08 06:45,71029,0,0.45499937797728
2015/01/08 07:00,71852,0,0.460666238654429
2015/01/08 07:15,72473,0,0.464787025099999
2015/01/08 07:30,73422,0,0.466820650052841
2015/01/08 07:45,74505,0,0.470761007351732
2015/01/08 08:00,76092,8.04301851914196E-05,0.47073324764174
2015/01/08 08:15,76341,0.000697060850316,0.465784054608658
2015/01/08 08:30,76021,0.001796270246459,0.45887664501333
2015/01/08 08:45,76068,0.003538916654143,0.463770327856431
2015/01/08 09:00,76511,0.006246717331037,0.469926519955771
2015/01/08 09:15,76096,0.010000098892172,0.469280374809369
2015/01/08 09:30,76271,0.013485373450372,0.46582572778652
2015/01/08 09:45,76273,0.018123464379562,0.468348825115785
2015/01/08 10:00,75529,0.022520256800217,0.46236915266406
2015/01/08 10:15,75557,0.026943849501043,0.466438190977605
2015/01/08 10:30,75721,0.030697188336694,0.466925764465371
2015/01/08 10:45,75840,0.035925054879922,0.469139627489537
2015/01/08 11:00,77051,0.040348618700672,0.469395296201453
2015/01/08 11:15,77014,0.045093889155934,0.461096863580871
2015/01/08 11:30,77011,0.049463814161162,0.460631137178289
2015/01/08 11:45,76470,0.051501292212131,0.456146052753627
2015/01/08 12:00,76542,0.054316244173733,0.449470978603553
2015/01/08 12:15,76785,0.056916713493829,0.446737994134461
2015/01/08 12:30,76577,0.056112365695704,0.442124201410448
2015/01/08 12:45,76292,0.05375306804489,0.439313977065226
2015/01/08 13:00,76002,0.051876346164573,0.433283202077572
2015/01/08 13:15,75924,0.04804253833745,0.429674339869686
2015/01/08 13:30,75417,0.043592122078545,0.423514834857157
2015/01/08 13:45,75040,0.039007668485193,0.424389027233721
2015/01/08 14:00,74469,0.034315987357854,0.429668883437279
2015/01/08 14:15,74620,0.029838791077977,0.430079289459966
2015/01/08 14:30,74500,0.025763744098462,0.426573572959456
2015/01/08 14:45,73856,0.02147423171803,0.416060123819609
2015/01/08 15:00,72024,0.017184728625443,0.408638410444642
2015/01/08 15:15,71198,0.012546714960651,0.404978247535907
2015/01/08 15:30,70912,0.008900651404428,0.405491803404888
2015/01/08 15:45,71660,0.005737160657954,0.417547356259249
2015/01/08 16:00,71399,0.003190286818549,0.424269806691354
2015/01/08 16:15,72575,0.001930255481158,0.426329065044597
2015/01/08 16:30,72937,0.000857890396193,0.433386341288285
2015/01/08 16:45,73531,0.000241281412714,0.437738447027013
2015/01/08 17:00,74078,0,0.438870159600418
2015/01/08 17:15,74581,0,0.436137451363754
2015/01/08 17:30,74620,0,0.433430528893302
2015/01/08 17:45,75187,0,0.440848301048815
2015/01/08 18:00,74104,0,0.450095141831532
2015/01/08 18:15,74039,0,0.461274077237178
2015/01/08 18:30,74341,0,0.472066485064651
2015/01/08 18:45,75325,0,0.492158915032165
2015/01/08 19:00,74698,0,0.498262420738576
2015/01/08 19:15,74809,0,0.506967823564351
2015/01/08 19:30,74454,0,0.512916644362232
2015/01/08 19:45,74107,0,0.525898345552579
2015/01/08 20:00,73474,0,0.537025105822592
2015/01/08 20:15,72030,0,0.544287556949723
2015/01/08 20:30,71810,0,0.554873157394283
2015/01/08 20:45,71149,0,0.562418844866901
2015/01/08 21:00,69144,0,0.56736259676747
2015/01/08 21:15,68473,0,0.579390580963038
2015/01/08 21:30,67768,0,0.591495746006221
2015/01/08 21:45,67424,0,0.587551843374394
2015/01/08 22:00,67994,0,0.580413651072963
2015/01/08 22:15,67498,0,0.580205110039952
2015/01/08 22:30,67520,0,0.588239915326807
2015/01/08 22:45,67879,0,0.595012395808539
2015/01/08 23:00,67113,0,0.591686807361241
2015/01/08 23:15,66914,0,0.590937259529209
2015/01/08 23:30,66462,0,0.589234597463608
2015/01/08 23:45,65694,0,0.588871464953736
2015/01/09 00:00,64055,0,0.585468679403158
2015/01/09 00:15,78662,0,0.573616744808542
2015/01/09 00:30,78502,0,0.577297936995112
2015/01/09 00:45,64537,0,0.580798781728779
2015/01/09 01:00,61825,0,0.569050054823773
2015/01/09 01:15,61864,0,0.56917644275693
2015/01/09 01:30,62771,0,0.57527895090313
2015/01/09 01:45,63162,0,0.574709817474856
2015/01/09 02:00,62016,0,0.574990733403008
2015/01/09 02:15,63453,0,0.575632270383203
2015/01/09 02:30,64149,0,0.587375804822322
2015/01/09 02:45,64569,0,0.58891883490128
2015/01/09 03:00,64525,0,0.59275435747411
2015/01/09 03:15,64640,0,0.604574945495168
2015/01/09 03:30,64740,0,0.61920308504346
2015/01/09 03:45,65103,0,0.624403613361188
2015/01/09 04:00,65731,0,0.630995032541772
2015/01/09 04:15,66106,0,0.64562287456299
2015/01/09 04:30,65384,0,0.650771709377326
2015/01/09 04:45,64668,0,0.654246248402048
2015/01/09 05:00,65431,0,0.665525316063827
2015/01/09 05:15,65816,0,0.677808831085659
2015/01/09 05:30,65425,0,0.686151360049123
2015/01/09 05:45,66171,0,0.691995361244332
2015/01/09 06:00,68775,0,0.705695253274333
2015/01/09 06:15,68707,0,0.706387707841243
2015/01/09 06:30,70102,0,0.700383346089131
2015/01/09 06:45,71755,0,0.710528582803518
2015/01/09 07:00,71766,0,0.715084519921744
2015/01/09 07:15,73430,0,0.722937267928269
2015/01/09 07:30,75532,0,0.728652157706105
2015/01/09 07:45,75243,0,0.728623317831064
2015/01/09 08:00,75551,0.000134036377595,0.731298890679286
2015/01/09 08:15,76099,0.00058975942298,0.746028342638852
2015/01/09 08:30,76133,0.001608433048749,0.750094648122816
2015/01/09 08:45,76212,0.003511741688166,0.753079167933673
2015/01/09 09:00,76266,0.006567754062673,0.761395128271262
2015/01/09 09:15,78203,0.009623759820689,0.758661795313715
2015/01/09 09:30,78005,0.012599337658034,0.766436792885152
2015/01/09 09:45,78108,0.016352314152081,0.773696613727574
2015/01/09 10:00,78369,0.020480581127738,0.779076226198293
2015/01/09 10:15,77550,0.025091365423576,0.777424588481065
2015/01/09 10:30,77693,0.028066913632139,0.760345588297393
2015/01/09 10:45,77348,0.030774385835437,0.748520775186752
2015/01/09 11:00,77906,0.033160169049502,0.75608957825894
2015/01/09 11:15,77320,0.036537802333988,0.744110353875376
2015/01/09 11:30,77623,0.039566939005536,0.74639938093615
2015/01/09 11:45,78086,0.040692783462818,0.750929045309385
2015/01/09 12:00,78147,0.040639125789493,0.756076780922034
2015/01/09 12:15,77448,0.040236980063898,0.75069090023144
2015/01/09 12:30,77527,0.039379120405095,0.762096899753817
2015/01/09 12:45,77121,0.037743867603242,0.75871986978163
2015/01/09 13:00,76631,0.036376685293087,0.747977187309476
2015/01/09 13:15,76814,0.034714632615693,0.765950328798032
2015/01/09 13:30,76778,0.032301997698072,0.766384904319962
2015/01/09 13:45,76793,0.029004749937399,0.776296875567395
2015/01/09 14:00,76073,0.027959261956125,0.773563699300789
2015/01/09 14:15,75741,0.025573448736449,0.767868883913611
2015/01/09 14:30,75442,0.022008153757247,0.763693571791763
2015/01/09 14:45,75924,0.017772704196952,0.77991496154481
2015/01/09 15:00,74852,0.014341457695982,0.781868909161583
2015/01/09 15:15,74630,0.010937025057685,0.777255787271105
2015/01/09 15:30,74215,0.007613019004877,0.774059121615402
2015/01/09 15:45,73865,0.004798341291228,0.773180246799025
2015/01/09 16:00,74089,0.002761053731792,0.779306147008115
2015/01/09 16:15,74341,0.001393928530417,0.782470433377393
2015/01/09 16:30,74636,0.000589738355244,0.770389151348641
2015/01/09 16:45,75834,0.000187643818998,0.773759468630777
2015/01/09 17:00,75136,0,0.773987966280355
2015/01/09 17:15,75771,0,0.770199106751838
2015/01/09 17:30,76381,0,0.773183099534587
2015/01/09 17:45,76365,0,0.765454210401172
2015/01/09 18:00,75707,0,0.760403589504387
2015/01/09 18:15,74402,0,0.747807721821484
2015/01/09 18:30,74891,0,0.738018899558009
2015/01/09 18:45,74953,0,0.72619578187217
2015/01/09 19:00,74458,0,0.714784788463964
2015/01/09 19:15,74027,0,0.714009222111881
2015/01/09 19:30,72894,0,0.712667133796951
2015/01/09 19:45,72123,0,0.702569653032708
2015/01/09 20:00,70584,0,0.688223329722421
2015/01/09 20:15,70316,0,0.682220442010061
2015/01/09 20:30,68852,0,0.671994463917676
2015/01/09 20:45,67585,0,0.648944697921182
2015/01/09 21:00,67155,0,0.632925052480384
2015/01/09 21:15,65978,0,0.624192943706839
2015/01/09 21:30,65683,0,0.613787131192459
2015/01/09 21:45,65252,0,0.59565631189797
2015/01/09 22:00,64882,0,0.569414330762787
2015/01/09 22:15,64504,0,0.567403414087795
2015/01/09 22:30,63718,0,0.563641515157412
2015/01/09 22:45,63333,0,0.555321919238847
2015/01/09 23:00,62199,0,0.550040866739069
2015/01/09 23:15,61102,0,0.546691083607723
2015/01/09 23:30,60165,0,0.540380130164787
2015/01/09 23:45,58785,0,0.529537327873037
2015/01/10 00:00,59282,0,0.524642713858638
2015/01/10 00:15,73486,0,0.518615175282515
2015/01/10 00:30,73593,0,0.511403228287706
2015/01/10 00:45,58027,0,0.512122037039451
2015/01/10 01:00,57571,0,0.521878703581336
2015/01/10 01:15,57360,0,0.521567510295455
2015/01/10 01:30,58279,0,0.521977282740259
2015/01/10 01:45,58160,0,0.519606205819689
2015/01/10 02:00,56563,0,0.52166388480377
2015/01/10 02:15,56086,0,0.524777228944678
2015/01/10 02:30,56281,0,0.530130644177078
2015/01/10 02:45,56517,0,0.539526471692056
2015/01/10 03:00,57030,0,0.551908991018444
2015/01/10 03:15,57808,0,0.556670021383978
2015/01/10 03:30,58279,0,0.569618815258493
2015/01/10 03:45,57659,0,0.579477775369736
2015/01/10 04:00,58399,0,0.587482825385645
2015/01/10 04:15,57608,0,0.590518543281693
2015/01/10 04:30,58066,0,0.604033417112382
2015/01/10 04:45,58585,0,0.609077326065386
2015/01/10 05:00,58531,0,0.608328081986073
2015/01/10 05:15,59167,0,0.62022064492895
2015/01/10 05:30,59041,0,0.629589907203313
2015/01/10 05:45,58762,0,0.640220684900826
2015/01/10 06:00,59427,0,0.660918340763467
2015/01/10 06:15,59607,0,0.667274958310492
2015/01/10 06:30,59907,0,0.677184539586054
2015/01/10 06:45,60516,0,0.689076509421685
2015/01/10 07:00,62241,0,0.694068374041018
2015/01/10 07:15,62050,0,0.702381453254729
2015/01/10 07:30,61226,0,0.707759410382948
2015/01/10 07:45,61730,0,0.7106399639777
2015/01/10 08:00,62638,5.36089797733809E-05,0.720008447460338
2015/01/10 08:15,62854,0.000509284756582,0.72669929458851
2015/01/10 08:30,63623,0.001715483638966,0.73220578602141
2015/01/10 08:45,64553,0.003538181175541,0.732975054542872
2015/01/10 09:00,64688,0.006593875962485,0.73593267679881
2015/01/10 09:15,65047,0.010560911858108,0.7378089711938
2015/01/10 09:30,65377,0.016377436956177,0.734742171927139
2015/01/10 09:45,65897,0.025356855303633,0.733966711429395
2015/01/10 10:00,66339,0.034872339367606,0.739910697015859
2015/01/10 10:15,67086,0.046934204564603,0.744464409331621
2015/01/10 10:30,67666,0.059451715045379,0.746417862240814
2015/01/10 10:45,67827,0.075051678062525,0.75274788952096
2015/01/10 11:00,68323,0.091911401969367,0.753439808239123
2015/01/10 11:15,69312,0.109012326392166,0.755856598218453
2015/01/10 11:30,69310,0.119680233707131,0.760976521946454
2015/01/10 11:45,69734,0.133082131505703,0.758939510103293
2015/01/10 12:00,69711,0.141659275670775,0.761922616526737
2015/01/10 12:15,69422,0.143991070046565,0.758366721973872
2015/01/10 12:30,68902,0.141524949165977,0.756844624818795
2015/01/10 12:45,68478,0.138683578483235,0.754189814166598
2015/01/10 13:00,67586,0.134153567645502,0.748445785294017
2015/01/10 13:15,67627,0.126567924225215,0.746254416765101
2015/01/10 13:30,67601,0.11868745485886,0.750498930410157
2015/01/10 13:45,67069,0.107376113261755,0.746968917759953
2015/01/10 14:00,65734,0.094536979918053,0.745009272414138
2015/01/10 14:15,65250,0.080920565196388,0.747657663538857
2015/01/10 14:30,63963,0.066473264149659,0.743973249582594
2015/01/10 14:45,64357,0.053795039009509,0.738538348903566
2015/01/10 15:00,63934,0.04149209280039,0.732459924166821
2015/01/10 15:15,63931,0.0310118213231,0.735237037025364
2015/01/10 15:30,63780,0.020183125479959,0.735079471873444
2015/01/10 15:45,63566,0.010346185926525,0.733686269272372
2015/01/10 16:00,63327,0.005146283802473,0.739269259574097
2015/01/10 16:15,63932,0.00254633558363,0.732109785497774
2015/01/10 16:30,64751,0.001098943641343,0.72842556196178
2015/01/10 16:45,66143,0.000348445167662,0.737689615270657
2015/01/10 17:00,65985,0,0.729500561504669
2015/01/10 17:15,67228,0,0.731376629168304
2015/01/10 17:30,67488,0,0.727383570509788
2015/01/10 17:45,67797,0,0.726376571649699
2015/01/10 18:00,66785,0,0.723258778735685
2015/01/10 18:15,67444,0,0.72057861575402
2015/01/10 18:30,66296,0,0.716379740096937
2015/01/10 18:45,65953,0,0.712824429160229
2015/01/10 19:00,65639,0,0.713207530370593
2015/01/10 19:15,64550,0,0.710887828543426
2015/01/10 19:30,64736,0,0.703548682227808
2015/01/10 19:45,63718,0,0.707792927714731
2015/01/10 20:00,62774,0,0.700453856564288
2015/01/10 20:15,61451,0,0.692677258734324
2015/01/10 20:30,60325,0,0.693034695021828
2015/01/10 20:45,60757,0,0.692851582043078
2015/01/10 21:00,60075,0,0.687237290854688
2015/01/10 21:15,59243,0,0.683579293199938
2015/01/10 21:30,58933,0,0.679149127363204
2015/01/10 21:45,58087,0,0.669519546900683
2015/01/10 22:00,59705,0,0.655874646415569
2015/01/10 22:15,59228,0,0.656103529538347
2015/01/10 22:30,58223,0,0.646345471027171
2015/01/10 22:45,57977,0,0.644695414381241
2015/01/10 23:00,58016,0,0.638618209063394
2015/01/10 23:15,58382,0,0.644638483260004
2015/01/10 23:30,58660,0,0.637403070086674
2015/01/10 23:45,57585,0,0.623835926307867
2015/01/11 00:00,55558,0,0.622005827565003
2015/01/11 00:15,65240,0,0.624216731719249
2015/01/11 00:30,64995,0,0.622360908179787
2015/01/11 00:45,55326,0,0.620582316003147
2015/01/11 01:00,54383,0,0.617336647399294
2015/01/11 01:15,54570,0,0.619779178942831
2015/01/11 01:30,54174,0,0.618412431913735
2015/01/11 01:45,54148,0,0.614394670051323
2015/01/11 02:00,53880,0,0.604019653334018
2015/01/11 02:15,54380,0,0.602987583019913
2015/01/11 02:30,54402,0,0.598892723971967
2015/01/11 02:45,54177,0,0.593330851512422
2015/01/11 03:00,54059,0,0.591475237053874
2015/01/11 03:15,53954,0,0.590494712176746
2015/01/11 03:30,54054,0,0.597518514074058
2015/01/11 03:45,54066,0,0.598210893160898
2015/01/11 04:00,53588,0,0.598337049294628
2015/01/11 04:15,54018,0,0.599338263448371
2015/01/11 04:30,54043,0,0.602990372218091
2015/01/11 04:45,54010,0,0.604043031856573
2015/01/11 05:00,53651,0,0.605919257168168
2015/01/11 05:15,53406,0,0.605762275476867
2015/01/11 05:30,53640,0,0.608178943896083
2015/01/11 05:45,53913,0,0.612294192892138
2015/01/11 06:00,54714,0,0.626420816186323
2015/01/11 06:15,55252,0,0.634602266741056
2015/01/11 06:30,55625,0,0.633673085509925
2015/01/11 06:45,55548,0,0.642008851873433
2015/01/11 07:00,55404,0,0.650267340239274
2015/01/11 07:15,55397,0,0.647202039293646
2015/01/11 07:30,55033,0,0.650081691855953
2015/01/11 07:45,56112,0,0.66088785666487
2015/01/11 08:00,56624,0.000134008524166,0.664436547398014
2015/01/11 08:15,56840,0.000911256978059,0.668216825738857
2015/01/11 08:30,57439,0.003484214086262,0.68481319274268
2015/01/11 08:45,58351,0.008737327405928,0.691218330422806
2015/01/11 09:00,58267,0.016831397767565,0.683649328289668
2015/01/11 09:15,57869,0.023022539863199,0.676286269007199
2015/01/11 09:30,57866,0.031464997143427,0.67865100625658
2015/01/11 09:45,58362,0.043847256910465,0.687886871836024
2015/01/11 10:00,59148,0.05381735732522,0.696067543620688
2015/01/11 10:15,59769,0.063707031827261,0.699024058904643
2015/01/11 10:30,60167,0.070460919395457,0.702984187336375
2015/01/11 10:45,60805,0.076651963243383,0.705323027510764
2015/01/11 11:00,62138,0.083298616754749,0.707198634217608
2015/01/11 11:15,63188,0.091178116954546,0.710309456348304
2015/01/11 11:30,63789,0.093429327365496,0.717692075636604
2015/01/11 11:45,63453,0.097663826862819,0.7189757296048
2015/01/11 12:00,63992,0.106776143004078,0.717583072216014
2015/01/11 12:15,63483,0.110340588597519,0.724733965162339
2015/01/11 12:30,63905,0.112216551965279,0.72956878794457
2015/01/11 12:45,64137,0.112457640897055,0.727198236806712
2015/01/11 13:00,64095,0.111465877571392,0.728275957659929
2015/01/11 13:15,63426,0.108088818876975,0.723769583514408
2015/01/11 13:30,63467,0.104390154692407,0.730534304051054
2015/01/11 13:45,63442,0.102835581527236,0.733927957868462
2015/01/11 14:00,62050,0.096483631176879,0.731814766295257
2015/01/11 14:15,62551,0.08651356232254,0.736495019978551
2015/01/11 14:30,61502,0.074453040898656,0.736337510794406
2015/01/11 14:45,60841,0.066787896729792,0.730596058706418
2015/01/11 15:00,61252,0.055933462929111,0.731879587568542
2015/01/11 15:15,61482,0.043765810305774,0.731799296628048
2015/01/11 15:30,60644,0.031383777343133,0.718183903069619
2015/01/11 15:45,60332,0.021628250132607,0.721268710000647
2015/01/11 16:00,60501,0.011470732389351,0.719721745613836
2015/01/11 16:15,60228,0.005333348773338,0.716039054144959
2015/01/11 16:30,61330,0.00187605030192,0.715752978266975
2015/01/11 16:45,62421,0.000562814481454,0.721153586554387
2015/01/11 17:00,62849,0.000455611229985,0.725499158382238
2015/01/11 17:15,63520,0,0.725084389268624
2015/01/11 17:30,64709,0,0.729944533041313
2015/01/11 17:45,65261,0,0.734212819121608
2015/01/11 18:00,64517,0,0.73243427290254
2015/01/11 18:15,63938,0,0.72121248713566
2015/01/11 18:30,64300,0,0.725686602639226
2015/01/11 18:45,63896,0,0.728694029196019
2015/01/11 19:00,64783,0,0.727507340472339
2015/01/11 19:15,64399,0,0.730566194912051
2015/01/11 19:30,63945,0,0.730202880948621
2015/01/11 19:45,62820,0,0.728758898033609
2015/01/11 20:00,63201,0,0.722889336797626
2015/01/11 20:15,61793,0,0.719798672609987
2015/01/11 20:30,61633,0,0.710095434844672
2015/01/11 20:45,61261,0,0.700032061200954
2015/01/11 21:00,61044,0,0.696709965153029
2015/01/11 21:15,60680,0,0.689837207748783
2015/01/11 21:30,60097,0,0.683453369423809
2015/01/11 21:45,59615,0,0.68236984479124
2015/01/11 22:00,61502,0,0.660085380063019
2015/01/11 22:15,61405,0,0.651772058570996
2015/01/11 22:30,61229,0,0.650482848885191
2015/01/11 22:45,60177,0,0.649528126852706
2015/01/11 23:00,60329,0,0.64389075813356
2015/01/11 23:15,59214,0,0.639128215035067
2015/01/11 23:30,59980,0,0.635780788213464
2015/01/11 23:45,60011,0,0.633153788980523
2015/01/12 00:00,59447,0,0.632790914435888
2015/01/12 00:15,68328,0,0.628568793683461
2015/01/12 00:30,68438,0,0.634046247470644
2015/01/12 00:45,68113,0,0.63427512030805
2015/01/12 01:00,68568,0,0.631570998955328
2015/01/12 01:15,68476,0,0.630024655670308
2015/01/12 01:30,68111,0,0.625005074519185
2015/01/12 01:45,66949,0,0.614454085467608
2015/01/12 02:00,65634,0,0.608405509879236
2015/01/12 02:15,65520,0,0.605187005858096
2015/01/12 02:30,64797,0,0.59273241049183
2015/01/12 02:45,64833,0,0.593038631943564
2015/01/12 03:00,65812,0,0.583697176217279
2015/01/12 03:15,67066,0,0.57764885846873
2015/01/12 03:30,67771,0,0.574713548535598
2015/01/12 03:45,67632,0,0.571803990222765
2015/01/12 04:00,66976,0,0.57010361127764
2015/01/12 04:15,67316,0,0.56855760623803
2015/01/12 04:30,67410,0,0.568066399938577
2015/01/12 04:45,68737,0,0.575035845391955
2015/01/12 05:00,69668,0,0.583317271305929
2015/01/12 05:15,71666,0,0.58511563651626
2015/01/12 05:30,73862,0,0.592059195488166
2015/01/12 05:45,74160,0,0.602810134303461
2015/01/12 06:00,78314,0,0.62554921778067
2015/01/12 06:15,79817,0,0.633007032180246
2015/01/12 06:30,81157,0,0.640722039635244
2015/01/12 06:45,82682,0,0.648462707374162
2015/01/12 07:00,82524,0,0.654505433779937
2015/01/12 07:15,83694,0,0.656740767120251
2015/01/12 07:30,84738,0,0.659979363387994
2015/01/12 07:45,86131,0,0.66285778135228
2015/01/12 08:00,86853,0.00016079352215,0.665967699602412
2015/01/12 08:15,87280,0.001018357871546,0.672627620693915
2015/01/12 08:30,87497,0.002626288510755,0.676174791944007
2015/01/12 08:45,87724,0.004930985336927,0.676815049871349
2015/01/12 09:00,87848,0.008093238914048,0.677198057160717
2015/01/12 09:15,88507,0.011818259929131,0.681028132670502
2015/01/12 09:30,89256,0.017044002677274,0.686350185503294
2015/01/12 09:45,89143,0.022671714875047,0.690488880314157
2015/01/12 10:00,90343,0.02848700571066,0.69807456789303
2015/01/12 10:15,91213,0.035427827652147,0.716155574775078
2015/01/12 10:30,91563,0.041243092096637,0.723561022664972
2015/01/12 10:45,92396,0.046817156542588,0.729294363458484
2015/01/12 11:00,92907,0.053516748962401,0.737805810294844
2015/01/12 11:15,93080,0.057509674004554,0.737416838925767
2015/01/12 11:30,93199,0.057107634053163,0.736744913055207
2015/01/12 11:45,93264,0.058367101062798,0.73741060585136
2015/01/12 12:00,94149,0.060644906687224,0.738796543123689
2015/01/12 12:15,94318,0.063190691654982,0.74244610229541
2015/01/12 12:30,94065,0.064584139984371,0.746404306625795
2015/01/12 12:45,93885,0.063512135319192,0.747352899155893
2015/01/12 13:00,94570,0.062842108079206,0.744571680116085
2015/01/12 13:15,94354,0.062681250204701,0.744439920048202
2015/01/12 13:30,93775,0.058902624563659,0.748372326474592
2015/01/12 13:45,93362,0.055499182647538,0.747623212490471
2015/01/12 14:00,92814,0.048290400242799,0.74494492871659
2015/01/12 14:15,93142,0.042609130574195,0.744736002579905
2015/01/12 14:30,92938,0.037061864033492,0.742340697084634
2015/01/12 14:45,92214,0.031300224400367,0.743495050894644
2015/01/12 15:00,91788,0.02548500102076,0.747298752035302
2015/01/12 15:15,96742,0.01942860751333,0.747089819482987
2015/01/12 15:30,96771,0.014122572523199,0.745749134069632
2015/01/12 15:45,96221,0.009566893614322,0.73990718219854
2015/01/12 16:00,96888,0.007637427813673,0.739158132479709
2015/01/12 16:15,97085,0.004475259875907,0.729921037001778
2015/01/12 16:30,96962,0.002251026483632,0.728168906625167
2015/01/12 16:45,96646,0.000643149727901,0.723973281562584
2015/01/12 17:00,96580,0.000241180886965,0.725333437438965
2015/01/12 17:15,96899,0,0.715427812207973
2015/01/12 17:30,96632,0,0.715193301458212
2015/01/12 17:45,97012,0,0.715781855660075
2015/01/12 18:00,96453,0,0.714415638595423
2015/01/12 18:15,96073,0,0.714206855596353
2015/01/12 18:30,95830,0,0.712660613991994
2015/01/12 18:45,95712,0,0.715589714704565
2015/01/12 19:00,95689,0,0.717387102990281
2015/01/12 19:15,95734,0,0.725254411581964
2015/01/12 19:30,94258,0,0.723733869386563
2015/01/12 19:45,93982,0,0.724733885174552
2015/01/12 20:00,93515,0,0.723084759331412
2015/01/12 20:15,93693,0,0.725499349111671
2015/01/12 20:30,92932,0,0.720506696079818
2015/01/12 20:45,94061,0,0.717700235394951
2015/01/12 21:00,91490,0,0.71476520190381
2015/01/12 21:15,90925,0,0.71599670300163
2015/01/12 21:30,89432,0,0.71010400644855
2015/01/12 21:45,87823,0,0.704571425399337
2015/01/12 22:00,86811,0,0.685022106866239
2015/01/12 22:15,85321,0,0.678280896767853
2015/01/12 22:30,84278,0,0.669225064886422
2015/01/12 22:45,83177,0,0.656903054430086
2015/01/12 23:00,82771,0,0.64324378946244
2015/01/12 23:15,82141,0,0.632413655875765
2015/01/12 23:30,82125,0,0.622406596793409
2015/01/12 23:45,81522,0,0.612862548249502
2015/01/13 00:00,51459,0,0.602495604335674
2015/01/13 00:15,51199,0,0.589762701956271
2015/01/13 00:30,51848,0,0.579447378823474
2015/01/13 00:45,51670,0,0.57090666242237
2015/01/13 01:00,51112,0,0.561054422324412
2015/01/13 01:15,51060,0,0.553928315973789
2015/01/13 01:30,50800,0,0.547110878028555
2015/01/13 01:45,50300,0,0.534044208345306
2015/01/13 02:00,50225,0,0.529438585332304
2015/01/13 02:15,50856,0,0.522544186210233
2015/01/13 02:30,50738,0,0.51966168395437
2015/01/13 02:45,50689,0,0.515493365783069
2015/01/13 03:00,50888,0,0.514076769395271
2015/01/13 03:15,51235,0,0.514126030503374
2015/01/13 03:30,51183,0,0.518495659751812
2015/01/13 03:45,51556,0,0.526902722298689
2015/01/13 04:00,52660,0,0.527569118883709
2015/01/13 04:15,53039,0,0.533867347462494
2015/01/13 04:30,52954,0,0.5420685101416
2015/01/13 04:45,53433,0,0.549009522644213
2015/01/13 05:00,53758,0,0.552761713874306
2015/01/13 05:15,54811,0,0.558596846631543
2015/01/13 05:30,56078,0,0.569549336527787
2015/01/13 05:45,56247,0,0.581504638439111
2015/01/13 06:00,58035,0,0.596417109521841
2015/01/13 06:15,58331,0,0.601969091095675
2015/01/13 06:30,58975,0,0.604100907388596
2015/01/13 06:45,59937,0,0.611401434144701
2015/01/13 07:00,59831,0,0.619370488131116
2015/01/13 07:15,61189,0,0.623430817616924
2015/01/13 07:30,62130,0,0.63016544587034
2015/01/13 07:45,62482,0,0.63957433899574
2015/01/13 08:00,62509,0.000375145910469,0.642554521659484
2015/01/13 08:15,62995,0.004635726591653,0.649957558555857
2015/01/13 08:30,62990,0.016104443160704,0.657694818884694
2015/01/13 08:45,63768,0.034111370981214,0.659723461898151
2015/01/13 09:00,63495,0.056566399231064,0.650720743466884
2015/01/13 09:15,64560,0.08017360651811,0.649098013550744
2015/01/13 09:30,65498,0.101797861491012,0.647912433170076
2015/01/13 09:45,65846,0.129209991299695,0.643384073567306
2015/01/13 10:00,65269,0.152281125255467,0.644795606473367
2015/01/13 10:15,65453,0.175914922667038,0.651144128307231
2015/01/13 10:30,66025,0.197646163829301,0.653249879315258
2015/01/13 10:45,66320,0.21661738875806,0.651395759887482
2015/01/13 11:00,67026,0.234302374781346,0.649618795786318
2015/01/13 11:15,67211,0.251612181898288,0.643882027513104
2015/01/13 11:30,67141,0.263241256682749,0.642002258156428
2015/01/13 11:45,67515,0.27371809113433,0.64102245598423
2015/01/13 12:00,67274,0.284409268292772,0.632843082089477
2015/01/13 12:15,67273,0.28807996370628,0.62841782815852
2015/01/13 12:30,66508,0.285909207204867,0.61831013398498
2015/01/13 12:45,65113,0.280228233694075,0.611930831889192
2015/01/13 13:00,65637,0.27323429020643,0.603726006755005
2015/01/13 13:15,64903,0.260425732373711,0.593001451167713
2015/01/13 13:30,64455,0.246732950807709,0.584411093311769
2015/01/13 13:45,63666,0.230682197552284,0.576566456770173
2015/01/13 14:00,62589,0.209674322525768,0.565687880330541
2015/01/13 14:15,62588,0.187514290264852,0.57152207108544
2015/01/13 14:30,62612,0.165005965987345,0.574476502203292
2015/01/13 14:45,61946,0.143971434868359,0.564806517229653
2015/01/13 15:00,62054,0.116291708769509,0.564958400186489
2015/01/13 15:15,62210,0.089630263805918,0.558810995311335
2015/01/13 15:30,61635,0.063799529805777,0.549501156771388
2015/01/13 15:45,61654,0.040969918319605,0.547879032663086
2015/01/13 16:00,60208,0.021998866281264,0.540806180118781
2015/01/13 16:15,60360,0.009324722511693,0.53941550489781
2015/01/13 16:30,59456,0.002518744159925,0.530028773105006
2015/01/13 16:45,60670,0.000482312189588,0.519613691735192
2015/01/13 17:00,59242,0.000348336204451,0.516629065628322
2015/01/13 17:15,59629,0,0.514955700481063
2015/01/13 17:30,59687,0,0.50906584449633
2015/01/13 17:45,59593,0,0.494691643368718
2015/01/13 18:00,59269,0,0.495692250707281
2015/01/13 18:15,58804,0,0.499392406981962
2015/01/13 18:30,58774,0,0.497847699795096
2015/01/13 18:45,57963,0,0.491726651793296
2015/01/13 19:00,57999,0,0.48655691605204
2015/01/13 19:15,57253,0,0.48534650792519
2015/01/13 19:30,56638,0,0.481847962087428
2015/01/13 19:45,56367,0,0.477372487891805
2015/01/13 20:00,56984,0,0.460170942964318
2015/01/13 20:15,55692,0,0.449962446186244
2015/01/13 20:30,54524,0,0.454562473212633
2015/01/13 20:45,54980,0,0.462067576615773
2015/01/13 21:00,55035,0,0.470832351531616
2015/01/13 21:15,54361,0,0.466074240849104
2015/01/13 21:30,54651,0,0.47604723175393
2015/01/13 21:45,54462,0,0.469438123637176
2015/01/13 22:00,54467,0,0.467302340163708
2015/01/13 22:15,54744,0,0.47102807462422
2015/01/13 22:30,54023,0,0.476167729946056
2015/01/13 22:45,53593,0,0.481641547354139
2015/01/13 23:00,52235,0,0.465263512487299
2015/01/13 23:15,51742,0,0.456752232919723
2015/01/13 23:30,51022,0,0.450426187395165
2015/01/13 23:45,50798,0,0.446593840400371
2015/01/14 00:00,56043,0,0.43756859607987
2015/01/14 00:15,72181,0,0.428543427998921
2015/01/14 00:30,72592,0,0.420263849469171
2015/01/14 00:45,56362,0,0.416817303320836
2015/01/14 01:00,57325,0,0.413884929055385
2015/01/14 01:15,57012,0,0.411929446695557
2015/01/14 01:30,56396,0,0.399665505413721
2015/01/14 01:45,56050,0,0.393005752900768
2015/01/14 02:00,53984,0,0.38642317675597
2015/01/14 02:15,54017,0,0.382539848750095
2015/01/14 02:30,53910,0,0.375623188080575
2015/01/14 02:45,54165,0,0.367112790373435
2015/01/14 03:00,55226,0,0.373049388214987
2015/01/14 03:15,55608,0,0.382122087587939
2015/01/14 03:30,55675,0,0.376799320800309
2015/01/14 03:45,55307,0,0.386720223856869
2015/01/14 04:00,55366,0,0.382734186060458
2015/01/14 04:15,55399,0,0.384943262145453
2015/01/14 04:30,56181,0,0.400853414208139
2015/01/14 04:45,57692,0,0.419770976539534
2015/01/14 05:00,57181,0,0.43244196655722
2015/01/14 05:15,57279,0,0.431566160259414
2015/01/14 05:30,57609,0,0.437502235173605
2015/01/14 05:45,57974,0,0.440276535643942
2015/01/14 06:00,59224,0,0.457574119084176
2015/01/14 06:15,61796,0,0.480423805861926
2015/01/14 06:30,63489,0,0.496230198148894
2015/01/14 06:45,64794,0,0.502731376736963
2015/01/14 07:00,65759,0,0.519180154628786
2015/01/14 07:15,66881,0,0.541617924450353
2015/01/14 07:30,68104,0,0.563952687492066
2015/01/14 07:45,69388,0,0.56716333173541
2015/01/14 08:00,68541,0.000267933531441,0.559372594642139
2015/01/14 08:15,68900,0.001527219476792,0.560578319882851
2015/01/14 08:30,69059,0.005090726081247,0.569135345060239
2015/01/14 08:45,69131,0.010824479534592,0.580005637532827
2015/01/14 09:00,69558,0.018594506606437,0.573937123326332
2015/01/14 09:15,69932,0.028936664851103,0.56594089368293
2015/01/14 09:30,70074,0.03946635297033,0.560900628021044
2015/01/14 09:45,70161,0.056694305858009,0.555526261524875
2015/01/14 10:00,70919,0.065723526369922,0.554392973412878
2015/01/14 10:15,71299,0.076547864523069,0.555984225774144
2015/01/14 10:30,71409,0.08713104168379,0.544672552084526
2015/01/14 10:45,71407,0.095008099483026,0.543462215450553
2015/01/14 11:00,71147,0.099026947477956,0.538088036072853
2015/01/14 11:15,71583,0.101438208199525,0.537803034218549
2015/01/14 11:30,71984,0.099776935714934,0.542555740256655
2015/01/14 11:45,71176,0.097606601377458,0.541833779944932
2015/01/14 12:00,70610,0.09530230728985,0.534532021076359
2015/01/14 12:15,70336,0.09361425397603,0.536380326084269
2015/01/14 12:30,70103,0.093426602869856,0.531340440660017
2015/01/14 12:45,70245,0.090854392760805,0.525812259110388
2015/01/14 13:00,70255,0.090104096806205,0.512599247840125
2015/01/14 13:15,69638,0.085361683563994,0.499977490003417
2015/01/14 13:30,68873,0.083780820998993,0.480262166603427
2015/01/14 13:45,68207,0.07836860770058,0.467152321471803
2015/01/14 14:00,68429,0.069392982678822,0.458694557411213
2015/01/14 14:15,73814,0.062614372609602,0.436974950050359
2015/01/14 14:30,73387,0.056237666200042,0.420832703142285
2015/01/14 14:45,72370,0.046940583411051,0.401452245382439
2015/01/14 15:00,71952,0.035902005545597,0.395796317096258
2015/01/14 15:15,71849,0.027649872862685,0.380836692304238
2015/01/14 15:30,71611,0.019156625685203,0.368036064619223
2015/01/14 15:45,71402,0.013155095153528,0.362971465964739
2015/01/14 16:00,69965,0.007876973096979,0.366773625863251
2015/01/14 16:15,69994,0.004099236666349,0.37219488621896
2015/01/14 16:30,70470,0.002170181769468,0.378027307326448
2015/01/14 16:45,70556,0.000482262093658,0.368362398344505
2015/01/14 17:00,69599,0.000294715405038,0.360470884187184
2015/01/14 17:15,70471,0,0.362576768903423
2015/01/14 17:30,71051,0,0.373112227418052
2015/01/14 17:45,71280,0,0.380409413868771
2015/01/14 18:00,71799,0,0.373263275090818
2015/01/14 18:15,71317,0,0.363778528620692
2015/01/14 18:30,71316,0,0.367349228707289
2015/01/14 18:45,71107,0,0.369994719096817
2015/01/14 19:00,71633,0,0.370455744669619
2015/01/14 19:15,70898,0,0.369965895403822
2015/01/14 19:30,70148,0,0.367317325351261
2015/01/14 19:45,69796,0,0.369808577209029
2015/01/14 20:00,70460,0,0.375692061405419
2015/01/14 20:15,69545,0,0.384042578866395
2015/01/14 20:30,68714,0,0.384709122824009
2015/01/14 20:45,68934,0,0.385427058280419
2015/01/14 21:00,67973,0,0.381262281188325
2015/01/14 21:15,67693,0,0.386708720925585
2015/01/14 21:30,67892,0,0.388428870134759
2015/01/14 21:45,67742,0,0.393052893472441
2015/01/14 22:00,67380,0,0.391355164553318
2015/01/14 22:15,66775,0,0.38773010651919
2015/01/14 22:30,64583,0,0.382486117432338
2015/01/14 22:45,63486,0,0.380248803021466
2015/01/14 23:00,64252,0,0.376135583638188
2015/01/14 23:15,63039,0,0.375029003993954
2015/01/14 23:30,62232,0,0.378008315554589
2015/01/14 23:45,61059,0,0.378443573049616